committee_type,3_avg,3_dev,5_avg,5_dev,10_avg,10_dev,26_avg,26_dev
noisers,36.95098039215686,0.3469905032270243,37.624183006535944,2.025980385567673,39.388888888888886,0.5695469989515332,50.209150326797385,0.42428319914032625
verifiers,36.95098039215686,0.3469905032270243,44.8202614379085,3.4689846497795043,58.92753165049927,6.725396683618861,59.431372549019606,1.2393594274208937
aggregators,36.95098039215686,0.3469905032270243,40.3202614379085,0.7284576888662577,49.009803921568626,1.7477581253403076,96.66666666666667,5.313852107600782
