num_nodes,noising,noisingDev,verification,verificationDev,sec_agg,sec_aggDev,flooding,floodingDev,total,totalDev
60,0.44666666666666666,0.062360956446232366,6.846666666666667,2.628159474275148,30.676666666666666,3.5212907986829056,6.846666666666671,-4.391896701496754,44.81666666666667,1.8199145279075324
80,0.41666666666666663,0.030912061651652344,3.476666666666667,1.3733737858119892,29.003333333333334,1.6773855317792101,6.2266666666666675,-0.8077418386555556,39.123333333333335,2.273929540587296
40,0.41333333333333333,0.0262466929133727,3.33,1.0607858722035595,29.846666666666664,2.5781431733366196,6.9833333333333405,-1.2365364303452262,40.57333333333334,2.4286393081083255
100,0.49,0.07071067811865474,2.953333333333333,1.1857580791300653,28.766666666666666,0.8835660070922194,7.6800000000000015,-0.3433155319621024,39.89,1.796719232378837
